from,to,type,tech,carrier,value
chp_NDE,elec_Bus_NDE,invest,ext,biomass,20056.073
elec_Bus_NDE,li-ion_NDE,invest,,,2817.0
hydro_NDE,elec_Bus_NDE,invest,ror,hydro,55.9
li-ion_NDE,elec_Bus_NDE,invest,battery,li-ion,2817.0
offshore_NDE,elec_Bus_NDE,invest,offshore,wind,76942.0
onshore_NDE,elec_Bus_NDE,invest,onshore,wind,49880.0
pv_NDE,elec_Bus_NDE,invest,pv,solar,55774.0
chp_SDE,elec_Bus_SDE,invest,ext,biomass,53565.102
elec_Bus_SDE,li-ion_SDE,invest,,,12833.0
hydro_SDE,elec_Bus_SDE,invest,ror,hydro,1099.0
li-ion_SDE,elec_Bus_SDE,invest,battery,li-ion,12833.0
onshore_SDE,elec_Bus_SDE,invest,onshore,wind,118809.0
pv_SDE,elec_Bus_SDE,invest,pv,solar,188066.0
ashp_NDE,heat_Bus_NDE,invest,ashp,electricity,14334.729
gshp_NDE,heat_Bus_NDE,invest,gshp,electricity,18646.874
heat_Bus_NDE,tes_NDE,invest,,,900.0
tes_NDE,heat_Bus_NDE,invest,tes,heat,900.0
ashp_SDE,heat_Bus_SDE,invest,ashp,electricity,21039.53
gshp_SDE,heat_Bus_SDE,invest,gshp,electricity,127838.79
heat_Bus_SDE,tes_SDE,invest,,,4100.0
tes_SDE,heat_Bus_SDE,invest,tes,heat,4100.0
onshore_NDE,elec_Bus_NDE,capacity,onshore,wind,22120.0
onshore_SDE,elec_Bus_SDE,capacity,onshore,wind,31791.0
offshore_NDE,elec_Bus_NDE,capacity,offshore,wind,6658.0
pv_NDE,elec_Bus_NDE,capacity,pv,solar,7564.0
pv_SDE,elec_Bus_SDE,capacity,pv,solar,37664.0
hydro_NDE,elec_Bus_NDE,capacity,ror,hydro,92.1
hydro_SDE,elec_Bus_SDE,capacity,ror,hydro,4198.0
chp_NDE,elec_Bus_NDE,capacity,ext,biomass,4741.8
chp_SDE,elec_Bus_SDE,capacity,ext,biomass,8860.4
ashp_NDE,heat_Bus_NDE,capacity,ashp,electricity,0.0
gshp_NDE,heat_Bus_NDE,capacity,gshp,electricity,0.0
ashp_SDE,heat_Bus_SDE,capacity,ashp,electricity,0.0
gshp_SDE,heat_Bus_SDE,capacity,gshp,electricity,0.0
phs_NDE,elec_Bus_NDE,capacity,reservoir,hydro,340.0
phs_SDE,elec_Bus_SDE,capacity,reservoir,hydro,8227.0
li-ion_NDE,elec_Bus_NDE,capacity,battery,li-ion,0.0
li-ion_SDE,elec_Bus_SDE,capacity,battery,li-ion,0.0
acaes_NDE,elec_Bus_NDE,capacity,acaes,cavern,290.0
tes_NDE,heat_Bus_NDE,capacity,tes,heat,0.0
tes_SDE,heat_Bus_SDE,capacity,tes,heat,0.0
